"Event","Unit","Time","Track","Channel","NoteName","NoteNumber","NoteUnits","NoteDuration","NoteOnVelocity","NoteOffVelocity","ControllerNr","ControllerValue","TextType","Text","Program","TempoBPM","TempoMicroseconds","Pitchbend","Aftertouch","MeterNom","MeterDenom","MeterUnits","MeterNote32","Resolution","MIDIVersion","Sysex","MetaType","MetaData","Key","PolyKey","PolyValue","RealtimeEvent","RealtimeValue",
"Header",0,0,,,,,,,,,,,,,,,,,,,,,,480,1
"Text",0,0,1,,,,,,,,,,"text","Generated by GNMIDI 2.0 demo version during 14 days free testing phase&#10;",
"Text",0,0,1,,,,,,,,,,"trackname","Sonate Hoboken XVI:8 4. Satz",
"Text",0,0,1,,,,,,,,,,"copyright","Copyright &#169; 2009 by Bernd Krueger",
"Text",0,0,1,,,,,,,,,,"text","Joseph Haydn",
"Text",0,0,1,,,,,,,,,,"text","Allegro",
"Text",0,0,1,,,,,,,,,,"text","Erstellt: 21.2.2009&#10;",
"Text",0,0,1,,,,,,,,,,"text","Update: 16.11.2011&#10;",
"Text",0,0,1,,,,,,,,,,"text","Dauer: 0:40 Minuten&#10;",
"Meter",0,0,1,,,,,,,,,,,,,,,,,3,8,12,8
"Key",0,0,1,,,,,,,,,,,,,,,,,,,,,,,,,,"G"
"Tempo",0,0,1,,,,,,,,,,,,,"109,50004",547945
"Text",0,0,2,,,,,,,,,,"text","Generated by GNMIDI 2.0 demo version during 14 days free testing phase&#10;",
"Text",0,0,2,,,,,,,,,,"trackname","Piano right",
"Program",0,0,2,1,,,,,,,,,,,1
"NoteOn",0,0,2,1,"g6",79,240,273,63,
"Text",0,0,3,,,,,,,,,,"text","Generated by GNMIDI 2.0 demo version during 14 days free testing phase&#10;",
"Text",0,0,3,,,,,,,,,,"trackname","Piano left",
"Program",0,0,3,1,,,,,,,,,,,1
"NoteOn",0,0,3,1,"c6",72,120,136,40,
"Text",0,0,4,,,,,,,,,,"text","Generated by GNMIDI 2.0 demo version during 14 days free testing phase&#10;",
"Text",0,0,4,,,,,,,,,,"trackname","Pedale",
"Program",0,0,4,1,,,,,,,,,,,1
"Text",0,0,5,,,,,,,,,,"text","Generated by GNMIDI 2.0 demo version during 14 days free testing phase&#10;",
"Text",0,0,5,,,,,,,,,,"trackname","Haydn: Sonata Hoboken XVI:8 4. movement",
"Endtrack",0,0,5,,
"Text",0,0,6,,,,,,,,,,"text","Generated by GNMIDI 2.0 demo version during 14 days free testing phase&#10;",
"Text",0,0,6,,,,,,,,,,"trackname","Copyright &#169; 2009 by Bernd Krueger",
"Endtrack",0,0,6,,
"Text",0,0,7,,,,,,,,,,"text","Generated by GNMIDI 2.0 demo version during 14 days free testing phase&#10;",
"Text",0,0,7,,,,,,,,,,"trackname","http://www.piano-midi.de/",
"Endtrack",0,0,7,,
"Text",0,0,8,,,,,,,,,,"text","Generated by GNMIDI 2.0 demo version during 14 days free testing phase&#10;",
"Text",0,0,8,,,,,,,,,,"trackname","Edition: 2011-11-16",
"Endtrack",0,0,8,,
"Text",0,0,9,,,,,,,,,,"text","Generated by GNMIDI 2.0 demo version during 14 days free testing phase&#10;",
"Text",0,0,9,,,,,,,,,,"trackname","Spur 8",
"Endtrack",0,0,9,,
"Text",0,0,10,,,,,,,,,,"text","Generated by GNMIDI 2.0 demo version during 14 days free testing phase&#10;",
"Text",0,0,10,,,,,,,,,,"trackname","Spur 9",
"Endtrack",0,0,10,,
"Text",0,0,11,,,,,,,,,,"text","Generated by GNMIDI 2.0 demo version during 14 days free testing phase&#10;",
"Text",0,0,11,,,,,,,,,,"trackname","Spur 10",
"Endtrack",0,0,11,,
"Text",0,0,12,,,,,,,,,,"text","Generated by GNMIDI 2.0 demo version during 14 days free testing phase&#10;",
"Text",0,0,12,,,,,,,,,,"trackname","Spur 11",
"Endtrack",0,0,12,,
"Text",0,0,13,,,,,,,,,,"text","Generated by GNMIDI 2.0 demo version during 14 days free testing phase&#10;",
"Text",0,0,13,,,,,,,,,,"trackname","Spur 12",
"Endtrack",0,0,13,,
"Text",0,0,14,,,,,,,,,,"text","Generated by GNMIDI 2.0 demo version during 14 days free testing phase&#10;",
"Text",0,0,14,,,,,,,,,,"trackname","Spur 13",
"Endtrack",0,0,14,,
"Text",0,0,15,,,,,,,,,,"text","Generated by GNMIDI 2.0 demo version during 14 days free testing phase&#10;",
"Text",0,0,15,,,,,,,,,,"trackname","Spur 14",
"Endtrack",0,0,15,,
"Text",0,0,16,,,,,,,,,,"text","Generated by GNMIDI 2.0 demo version during 14 days free testing phase&#10;",
"Text",0,0,16,,,,,,,,,,"trackname","Spur 15",
"Endtrack",0,0,16,,
"Text",0,0,17,,,,,,,,,,"text","Generated by GNMIDI 2.0 demo version during 14 days free testing phase&#10;",
"Text",0,0,17,,,,,,,,,,"trackname","Spur 16",
"Endtrack",0,0,17,,
"Controller",50,57,4,1,,,,,,,64,127
"NoteOff",120,136,3,1,"c6",72,,,,0
"NoteOn",120,136,3,1,"e6",76,120,137,36,
"NoteOff",240,273,2,1,"g6",79,,,,0
"NoteOn",240,273,2,1,"c7",84,240,274,65,
"NoteOff",240,273,3,1,"e6",76,,,,0
"NoteOn",240,273,3,1,"c6",72,120,137,41,
"NoteOff",360,410,3,1,"c6",72,,,,0
"NoteOn",360,410,3,1,"e6",76,120,137,38,
"Tempo",480,547,1,,,,,,,,,,,,,"107,49991",558140
"NoteOff",480,547,2,1,"c7",84,,,,0
"NoteOn",480,547,2,1,"e7",88,240,280,68,
"NoteOff",480,547,3,1,"e6",76,,,,0
"NoteOn",480,547,3,1,"c6",72,120,140,43,
"NoteOff",600,687,3,1,"c6",72,,,,0
"NoteOn",600,687,3,1,"e6",76,120,140,39,
"Tempo",720,827,1,,,,,,,,,,,,,"110,50009",542986
"NoteOff",720,827,2,1,"e7",88,,,,0
"NoteOn",720,827,2,1,"g7",91,480,543,71,
"NoteOff",720,827,3,1,"e6",76,,,,0
"NoteOn",720,827,3,1,"c6",72,120,135,45,
"NoteOff",840,962,3,1,"c6",72,,,,0
"NoteOn",840,962,3,1,"e6",76,120,136,40,
"NoteOff",960,1098,3,1,"e6",76,,,,0
"NoteOn",960,1098,3,1,"c6",72,120,136,45,
"NoteOff",1080,1234,3,1,"c6",72,,,,0
"NoteOn",1080,1234,3,1,"e6",76,120,136,41,
"Tempo",1200,1370,1,,,,,,,,,,,,,"106,99994",560748
"NoteOff",1200,1370,2,1,"g7",91,,,,0
"NoteOn",1200,1370,2,1,"g6",79,240,280,63,
"NoteOff",1200,1370,3,1,"e6",76,,,,0
"NoteOn",1200,1370,3,1,"c6",72,120,140,44,
"NoteOff",1320,1510,3,1,"c6",72,,,,0
"NoteOn",1320,1510,3,1,"e6",76,120,140,38,
"Tempo",1440,1650,1,,,,,,,,,,,,,"110,99991",540541
"NoteOff",1440,1650,2,1,"g6",79,,,,0
"NoteOn",1440,1650,2,1,"a6",81,240,270,68,
"NoteOff",1440,1650,3,1,"e6",76,,,,0
"NoteOn",1440,1650,3,1,"c6",72,120,135,45,
"Controller",1448,1659,4,1,,,,,,,64,0
"NoteOff",1560,1785,3,1,"c6",72,,,,0
"NoteOn",1560,1785,3,1,"f6",77,120,135,40,
"Controller",1560,1785,4,1,,,,,,,64,127
"Tempo",1680,1920,1,,,,,,,,,,,,,"109,99991",545455
"NoteOff",1680,1920,2,1,"a6",81,,,,0
"NoteOn",1680,1920,2,1,"f7",89,240,273,63,
"NoteOff",1680,1920,3,1,"f6",77,,,,0
"NoteOn",1680,1920,3,1,"c6",72,120,137,45,
"NoteOff",1800,2057,3,1,"c6",72,,,,0
"NoteOn",1800,2057,3,1,"f6",77,120,136,34,
"Tempo",1920,2193,1,,,,,,,,,,,,,"104,99992",571429
"NoteOff",1920,2193,2,1,"f7",89,,,,0
"NoteOn",1920,2193,2,1,"a6",81,240,286,58,
"NoteOff",1920,2193,3,1,"f6",77,,,,0
"NoteOn",1920,2193,3,1,"c6",72,120,143,44,
"NoteOff",2040,2336,3,1,"c6",72,,,,0
"NoteOn",2040,2336,3,1,"f6",77,120,143,34,
"NoteOff",2160,2479,2,1,"a6",81,,,,0
"NoteOn",2160,2479,2,1,"g6",79,240,282,58,
"NoteOff",2160,2479,3,1,"f6",77,,,,0
"NoteOn",2160,2479,3,1,"c6",72,120,142,43,
"Controller",2167,2487,4,1,,,,,,,64,0
"Controller",2245,2580,4,1,,,,,,,64,127
"Tempo",2280,2621,1,,,,,,,,,,,,,"107,49991",558140
"NoteOff",2280,2621,3,1,"c6",72,,,,0
"NoteOn",2280,2621,3,1,"e6",76,120,140,34,
"NoteOff",2400,2761,2,1,"g6",79,,,,0
"NoteOff",2400,2761,3,1,"e6",76,,,,0
"NoteOn",2400,2761,3,1,"c6",72,120,140,38,
"NoteOff",2520,2901,3,1,"c6",72,,,,0
"NoteOn",2520,2901,3,1,"e6",76,120,139,32,
"NoteOff",2640,3040,3,1,"e6",76,,,,0
"NoteOn",2640,3040,3,1,"c6",72,120,140,38,
"NoteOff",2760,3180,3,1,"c6",72,,,,0
"NoteOn",2760,3180,3,1,"e6",76,120,139,32,
"Tempo",2880,3319,1,,,,,,,,,,,,,"109,99991",545455
"NoteOn",2880,3319,2,1,"f6",77,240,273,51,
"NoteOff",2880,3319,3,1,"e6",76,,,,0
"NoteOn",2880,3319,3,1,"g5",67,120,136,35,
"Controller",2880,3319,4,1,,,,,,,64,0
"Controller",2965,3416,4,1,,,,,,,64,127
"NoteOff",3000,3455,3,1,"g5",67,,,,0
"NoteOn",3000,3455,3,1,"d6",74,120,137,31,
"NoteOff",3120,3592,2,1,"f6",77,,,,0
"NoteOn",3120,3592,2,1,"d7",86,240,273,45,
"NoteOff",3120,3592,3,1,"d6",74,,,,0
"NoteOn",3120,3592,3,1,"g5",67,120,136,35,
"NoteOff",3240,3728,3,1,"g5",67,,,,0
"NoteOn",3240,3728,3,1,"d6",74,120,137,31,
"NoteOff",3360,3865,2,1,"d7",86,,,,0
"NoteOn",3360,3865,2,1,"f6",77,240,279,45,
"NoteOff",3360,3865,3,1,"d6",74,,,,0
"NoteOn",3360,3865,3,1,"g5",67,120,136,35,
"Tempo",3480,4001,1,,,,,,,,,,,,,"104,99992",571429
"NoteOff",3480,4001,3,1,"g5",67,,,,0
"NoteOn",3480,4001,3,1,"d6",74,120,143,31,
"Tempo",3600,4144,1,,,,,,,,,,,,,"110,99991",540541
"NoteOff",3600,4144,2,1,"f6",77,,,,0
"NoteOn",3600,4144,2,1,"e6",76,120,135,52,
"NoteOff",3600,4144,3,1,"d6",74,,,,0
"NoteOn",3600,4144,3,1,"c6",72,120,135,40,
"Controller",3600,4144,4,1,,,,,,,64,0
"Tempo",3720,4279,1,,,,,,,,,,,,,"106,50005",563380
"NoteOff",3720,4279,2,1,"e6",76,,,,0
"NoteOn",3720,4279,2,1,"c7",84,120,141,44,
"NoteOff",3720,4279,3,1,"c6",72,,,,0
"Tempo",3840,4420,1,,,,,,,,,,,,,"110,50009",542986
"NoteOff",3840,4420,2,1,"c7",84,,,,0
"NoteOn",3840,4420,2,1,"f6",77,120,136,54,
"NoteOn",3840,4420,3,1,"d6",74,120,136,37,
"Tempo",3960,4556,1,,,,,,,,,,,,,"106,99994",560748
"NoteOff",3960,4556,2,1,"f6",77,,,,0
"NoteOn",3960,4556,2,1,"c7",84,120,140,44,
"NoteOff",3960,4556,3,1,"d6",74,,,,0
"Tempo",4080,4696,1,,,,,,,,,,,,,"109,99991",545455
"NoteOff",4080,4696,2,1,"c7",84,,,,0
"NoteOn",4080,4696,2,1,"g6",79,120,136,53,
"NoteOn",4080,4696,3,1,"e6",76,120,136,41,
"Tempo",4200,4832,1,,,,,,,,,,,,,"105,50007",568720
"NoteOff",4200,4832,2,1,"g6",79,,,,0
"NoteOn",4200,4832,2,1,"c7",84,120,142,45,
"NoteOff",4200,4832,3,1,"e6",76,,,,0
"Tempo",4320,4974,1,,,,,,,,,,,,,"108,50008",552995
"NoteOff",4320,4974,2,1,"c7",84,,,,0
"NoteOn",4320,4974,2,1,"f6",77,120,139,56,
"NoteOn",4320,4974,3,1,"f5",65,480,553,45,
"Controller",4320,4974,4,1,,,,,,,64,127
"NoteOff",4440,5113,2,1,"f6",77,,,,0
"NoteOn",4440,5113,2,1,"a6",81,120,138,41,
"NoteOff",4560,5251,2,1,"a6",81,,,,0
"NoteOn",4560,5251,2,1,"g6",79,120,138,52,
"NoteOff",4680,5389,2,1,"g6",79,,,,0
"NoteOn",4680,5389,2,1,"f6",77,120,138,42,
"Tempo",4800,5527,1,,,,,,,,,,,,,"105,99995",566038
"NoteOff",4800,5527,2,1,"f6",77,,,,0
"NoteOn",4800,5527,2,1,"e6",76,120,142,49,
"NoteOff",4800,5527,3,1,"f5",65,,,,0
"NoteOn",4800,5527,3,1,"g5",67,240,283,32,
"Controller",4812,5541,4,1,,,,,,,64,0
"Controller",4899,5644,4,1,,,,,,,64,127
"NoteOff",4920,5669,2,1,"e6",76,,,,0
"NoteOn",4920,5669,2,1,"d6",74,120,141,40,
"Tempo",5040,5810,1,,,,,,,,,,,,,"101,00007",594059
"NoteOff",5040,5810,2,1,"d6",74,,,,0
"NoteOn",5040,5810,2,1,"c6",72,240,297,49,
"NoteOff",5040,5810,3,1,"g5",67,,,,0
"NoteOn",5040,5810,3,1,"c5",60,240,297,37,
"Controller",5040,5810,4,1,,,,,,,64,0
"Tempo",5280,6107,1,,,,,,,,,,,,,"98,50001",609137
"NoteOff",5280,6107,2,1,"c6",72,,,,0
"NoteOff",5280,6107,3,1,"c5",60,,,,0
"NoteOn",5280,6107,3,1,"g4",55,120,153,35,
"NoteOff",5400,6260,3,1,"g4",55,,,,0
"Tempo",5520,6412,1,,,,,,,,,,,,,"94,49995",634921
"NoteOn",5520,6412,3,1,"c4",48,120,159,37,
"NoteOff",5640,6571,3,1,"c4",48,,,,0
"Tempo",5760,6729,1,,,,,,,,,,,,,"109,50004",547945
"NoteOn",5760,6729,2,1,"g6",79,240,274,63,
"NoteOn",5760,6729,3,1,"c6",72,120,137,40,
"Controller",5810,6786,4,1,,,,,,,64,127
"NoteOff",5880,6866,3,1,"c6",72,,,,0
"NoteOn",5880,6866,3,1,"e6",76,120,137,36,
"NoteOff",6000,7003,2,1,"g6",79,,,,0
"NoteOn",6000,7003,2,1,"c7",84,240,274,65,
"NoteOff",6000,7003,3,1,"e6",76,,,,0
"NoteOn",6000,7003,3,1,"c6",72,120,137,41,
"NoteOff",6120,7140,3,1,"c6",72,,,,0
"NoteOn",6120,7140,3,1,"e6",76,120,137,38,
"Tempo",6240,7277,1,,,,,,,,,,,,,"107,49991",558140
"NoteOff",6240,7277,2,1,"c7",84,,,,0
"NoteOn",6240,7277,2,1,"e7",88,240,279,68,
"NoteOff",6240,7277,3,1,"e6",76,,,,0
"NoteOn",6240,7277,3,1,"c6",72,120,140,43,
"NoteOff",6360,7417,3,1,"c6",72,,,,0
"NoteOn",6360,7417,3,1,"e6",76,120,139,39,
"Tempo",6480,7556,1,,,,,,,,,,,,,"110,50009",542986
"NoteOff",6480,7556,2,1,"e7",88,,,,0
"NoteOn",6480,7556,2,1,"g7",91,480,543,71,
"NoteOff",6480,7556,3,1,"e6",76,,,,0
"NoteOn",6480,7556,3,1,"c6",72,120,136,45,
"NoteOff",6600,7692,3,1,"c6",72,,,,0
"NoteOn",6600,7692,3,1,"e6",76,120,136,40,
"NoteOff",6720,7828,3,1,"e6",76,,,,0
"NoteOn",6720,7828,3,1,"c6",72,120,136,45,
"NoteOff",6840,7964,3,1,"c6",72,,,,0
"NoteOn",6840,7964,3,1,"e6",76,120,135,41,
"Tempo",6960,8099,1,,,,,,,,,,,,,"106,99994",560748
"NoteOff",6960,8099,2,1,"g7",91,,,,0
"NoteOn",6960,8099,2,1,"g6",79,240,281,63,
"NoteOff",6960,8099,3,1,"e6",76,,,,0
"NoteOn",6960,8099,3,1,"c6",72,120,141,44,
"NoteOff",7080,8240,3,1,"c6",72,,,,0
"NoteOn",7080,8240,3,1,"e6",76,120,140,38,
"Tempo",7200,8380,1,,,,,,,,,,,,,"112,00006",535714
"NoteOff",7200,8380,2,1,"g6",79,,,,0
"NoteOn",7200,8380,2,1,"a6",81,240,268,68,
"NoteOff",7200,8380,3,1,"e6",76,,,,0
"NoteOn",7200,8380,3,1,"c6",72,120,134,45,
"Controller",7208,8389,4,1,,,,,,,64,0
"NoteOff",7320,8514,3,1,"c6",72,,,,0
"NoteOn",7320,8514,3,1,"f6",77,120,134,40,
"Controller",7320,8514,4,1,,,,,,,64,127
"Tempo",7440,8648,1,,,,,,,,,,,,,"109,99991",545455
"NoteOff",7440,8648,2,1,"a6",81,,,,0
"NoteOn",7440,8648,2,1,"f7",89,240,272,63,
"NoteOff",7440,8648,3,1,"f6",77,,,,0
"NoteOn",7440,8648,3,1,"c6",72,120,136,45,
"NoteOff",7560,8784,3,1,"c6",72,,,,0
"NoteOn",7560,8784,3,1,"f6",77,120,136,38,
"Tempo",7680,8920,1,,,,,,,,,,,,,"104,99992",571429
"NoteOff",7680,8920,2,1,"f7",89,,,,0
"NoteOn",7680,8920,2,1,"a6",81,240,286,58,
"NoteOff",7680,8920,3,1,"f6",77,,,,0
"NoteOn",7680,8920,3,1,"c6",72,120,143,45,
"NoteOff",7800,9063,3,1,"c6",72,,,,0
"NoteOn",7800,9063,3,1,"f6",77,120,143,34,
"NoteOff",7920,9206,2,1,"a6",81,,,,0
"NoteOn",7920,9206,2,1,"g6",79,240,282,58,
"NoteOff",7920,9206,3,1,"f6",77,,,,0
"NoteOn",7920,9206,3,1,"c6",72,120,143,44,
"Controller",7927,9214,4,1,,,,,,,64,0
"Controller",8005,9307,4,1,,,,,,,64,127
"Tempo",8040,9349,1,,,,,,,,,,,,,"107,49991",558140
"NoteOff",8040,9349,3,1,"c6",72,,,,0
"NoteOn",8040,9349,3,1,"e6",76,120,139,30,
"NoteOff",8160,9488,2,1,"g6",79,,,,0
"NoteOff",8160,9488,3,1,"e6",76,,,,0
"NoteOn",8160,9488,3,1,"c6",72,120,140,39,
"NoteOff",8280,9628,3,1,"c6",72,,,,0
"NoteOn",8280,9628,3,1,"e6",76,120,139,32,
"NoteOff",8400,9767,3,1,"e6",76,,,,0
"NoteOn",8400,9767,3,1,"c6",72,120,140,38,
"NoteOff",8520,9907,3,1,"c6",72,,,,0
"NoteOn",8520,9907,3,1,"e6",76,120,140,32,
"Tempo",8640,10047,1,,,,,,,,,,,,,"111,49992",538117
"NoteOn",8640,10047,2,1,"f6",77,240,269,51,
"NoteOff",8640,10047,3,1,"e6",76,,,,0
"NoteOn",8640,10047,3,1,"g5",67,120,134,35,
"Controller",8640,10047,4,1,,,,,,,64,0
"Controller",8725,10142,4,1,,,,,,,64,127
"NoteOff",8760,10181,3,1,"g5",67,,,,0
"NoteOn",8760,10181,3,1,"d6",74,120,135,31,
"Tempo",8880,10316,1,,,,,,,,,,,,,"109,99991",545455
"NoteOff",8880,10316,2,1,"f6",77,,,,0
"NoteOn",8880,10316,2,1,"d7",86,240,272,45,
"NoteOff",8880,10316,3,1,"d6",74,,,,0
"NoteOn",8880,10316,3,1,"g5",67,120,136,35,
"NoteOff",9000,10452,3,1,"g5",67,,,,0
"NoteOn",9000,10452,3,1,"d6",74,120,136,31,
"NoteOff",9120,10588,2,1,"d7",86,,,,0
"NoteOn",9120,10588,2,1,"f6",77,240,280,45,
"NoteOff",9120,10588,3,1,"d6",74,,,,0
"NoteOn",9120,10588,3,1,"g5",67,120,137,35,
"Tempo",9240,10725,1,,,,,,,,,,,,,"104,99992",571429
"NoteOff",9240,10725,3,1,"g5",67,,,,0
"NoteOn",9240,10725,3,1,"d6",74,120,143,31,
"Tempo",9360,10868,1,,,,,,,,,,,,,"112,50007",533333
"NoteOff",9360,10868,2,1,"f6",77,,,,0
"NoteOn",9360,10868,2,1,"e6",76,120,133,52,
"NoteOff",9360,10868,3,1,"d6",74,,,,0
"NoteOn",9360,10868,3,1,"c6",72,120,133,40,
"Controller",9360,10868,4,1,,,,,,,64,0
"Tempo",9480,11001,1,,,,,,,,,,,,,"106,50005",563380
"NoteOff",9480,11001,2,1,"e6",76,,,,0
"NoteOn",9480,11001,2,1,"c7",84,120,141,44,
"NoteOff",9480,11001,3,1,"c6",72,,,,0
"Tempo",9600,11142,1,,,,,,,,,,,,,"112,50007",533333
"NoteOff",9600,11142,2,1,"c7",84,,,,0
"NoteOn",9600,11142,2,1,"f6",77,120,133,54,
"NoteOn",9600,11142,3,1,"d6",74,120,133,37,
"Tempo",9720,11275,1,,,,,,,,,,,,,"106,99994",560748
"NoteOff",9720,11275,2,1,"f6",77,,,,0
"NoteOn",9720,11275,2,1,"c7",84,120,140,44,
"NoteOff",9720,11275,3,1,"d6",74,,,,0
"Tempo",9840,11415,1,,,,,,,,,,,,,"109,99991",545455
"NoteOff",9840,11415,2,1,"c7",84,,,,0
"NoteOn",9840,11415,2,1,"g6",79,120,137,53,
"NoteOn",9840,11415,3,1,"e6",76,120,137,41,
"Tempo",9960,11552,1,,,,,,,,,,,,,"105,50007",568720
"NoteOff",9960,11552,2,1,"g6",79,,,,0
"NoteOn",9960,11552,2,1,"c7",84,120,142,45,
"NoteOff",9960,11552,3,1,"e6",76,,,,0
"Tempo",10080,11694,1,,,,,,,,,,,,,"108,50008",552995
"NoteOff",10080,11694,2,1,"c7",84,,,,0
"NoteOn",10080,11694,2,1,"f6",77,120,138,56,
"NoteOn",10080,11694,3,1,"f5",65,480,553,45,
"Controller",10080,11694,4,1,,,,,,,64,127
"NoteOff",10200,11832,2,1,"f6",77,,,,0
"NoteOn",10200,11832,2,1,"a6",81,120,138,41,
"NoteOff",10320,11970,2,1,"a6",81,,,,0
"NoteOn",10320,11970,2,1,"g6",79,120,139,52,
"NoteOff",10440,12109,2,1,"g6",79,,,,0
"NoteOn",10440,12109,2,1,"f6",77,120,138,42,
"Tempo",10560,12247,1,,,,,,,,,,,,,"105,99995",566038
"NoteOff",10560,12247,2,1,"f6",77,,,,0
"NoteOn",10560,12247,2,1,"e6",76,120,141,49,
"NoteOff",10560,12247,3,1,"f5",65,,,,0
"NoteOn",10560,12247,3,1,"g5",67,240,283,32,
"Controller",10572,12261,4,1,,,,,,,64,0
"Controller",10659,12364,4,1,,,,,,,64,127
"NoteOff",10680,12388,2,1,"e6",76,,,,0
"NoteOn",10680,12388,2,1,"d6",74,120,142,40,
"Tempo",10800,12530,1,,,,,,,,,,,,,"101,00007",594059
"NoteOff",10800,12530,2,1,"d6",74,,,,0
"NoteOn",10800,12530,2,1,"c6",72,240,297,49,
"NoteOff",10800,12530,3,1,"g5",67,,,,0
"NoteOn",10800,12530,3,1,"c5",60,240,297,37,
"Controller",10800,12530,4,1,,,,,,,64,0
"Tempo",11040,12827,1,,,,,,,,,,,,,"98,50001",609137
"NoteOff",11040,12827,2,1,"c6",72,,,,0
"NoteOff",11040,12827,3,1,"c5",60,,,,0
"NoteOn",11040,12827,3,1,"g4",55,120,152,35,
"NoteOff",11160,12979,3,1,"g4",55,,,,0
"Tempo",11280,13131,1,,,,,,,,,,,,,"94,49995",634921
"NoteOn",11280,13131,3,1,"c4",48,120,159,37,
"NoteOff",11400,13290,3,1,"c4",48,,,,0
"Tempo",11520,13449,1,,,,,,,,,,,,,"112,50007",533333
"NoteOn",11520,13449,2,1,"b5",71,120,133,56,
"NoteOn",11520,13449,3,1,"g4",55,720,823,40,
"Controller",11562,13496,4,1,,,,,,,64,127
"Tempo",11640,13582,1,,,,,,,,,,,,,"106,50005",563380
"NoteOff",11640,13582,2,1,"b5",71,,,,0
"NoteOn",11640,13582,2,1,"g5",67,120,141,48,
"Tempo",11760,13723,1,,,,,,,,,,,,,"112,50007",533333
"NoteOff",11760,13723,2,1,"g5",67,,,,0
"NoteOn",11760,13723,2,1,"b5",71,120,133,56,
"Tempo",11880,13856,1,,,,,,,,,,,,,"108,50008",552995
"NoteOff",11880,13856,2,1,"b5",71,,,,0
"NoteOn",11880,13856,2,1,"g5",67,120,139,47,
"Tempo",12000,13995,1,,,,,,,,,,,,,"111,49992",538117
"NoteOff",12000,13995,2,1,"g5",67,,,,0
"NoteOn",12000,13995,2,1,"b5",71,120,134,56,
"NoteOn",12000,13995,3,1,"f5",65,240,277,39,
"Tempo",12120,14129,1,,,,,,,,,,,,,"104,99992",571429
"NoteOff",12120,14129,2,1,"b5",71,,,,0
"NoteOn",12120,14129,2,1,"g5",67,120,143,49,
"Tempo",12240,14272,1,,,,,,,,,,,,,"110,99991",540541
"NoteOff",12240,14272,2,1,"g5",67,,,,0
"NoteOn",12240,14272,2,1,"c6",72,120,135,56,
"NoteOff",12240,14272,3,1,"f5",65,,,,0
"NoteOff",12240,14272,3,1,"g4",55,,,,0
"NoteOn",12240,14272,3,1,"e5",64,240,270,45,
"Controller",12240,14272,4,1,,,,,,,64,0
"Controller",12318,14360,4,1,,,,,,,64,127
"NoteOff",12360,14407,2,1,"c6",72,,,,0
"NoteOn",12360,14407,2,1,"g5",67,120,135,50,
"NoteOff",12480,14542,2,1,"g5",67,,,,0
"NoteOn",12480,14542,2,1,"d6",74,120,135,59,
"NoteOff",12480,14542,3,1,"e5",64,,,,0
"NoteOn",12480,14542,3,1,"b4",59,240,271,40,
"Controller",12490,14554,4,1,,,,,,,64,0
"Controller",12572,14646,4,1,,,,,,,64,127
"NoteOff",12600,14677,2,1,"d6",74,,,,0
"NoteOn",12600,14677,2,1,"g5",67,120,136,54,
"Tempo",12720,14813,1,,,,,,,,,,,,,"107,99991",555556
"NoteOff",12720,14813,2,1,"g5",67,,,,0
"NoteOn",12720,14813,2,1,"e6",76,120,138,62,
"NoteOff",12720,14813,3,1,"b4",59,,,,0
"NoteOn",12720,14813,3,1,"c5",60,240,277,42,
"Controller",12734,14829,4,1,,,,,,,64,0
"Controller",12798,14903,4,1,,,,,,,64,127
"NoteOff",12840,14951,2,1,"e6",76,,,,0
"NoteOn",12840,14951,2,1,"g5",67,120,139,55,
"Tempo",12960,15090,1,,,,,,,,,,,,,"110,50009",542986
"NoteOff",12960,15090,2,1,"g5",67,,,,0
"NoteOn",12960,15090,2,1,"f6",77,120,136,65,
"NoteOff",12960,15090,3,1,"c5",60,,,,0
"NoteOn",12960,15090,3,1,"d5",62,240,272,52,
"Controller",12960,15090,4,1,,,,,,,64,0
"Controller",13024,15163,4,1,,,,,,,64,127
"NoteOff",13080,15226,2,1,"f6",77,,,,0
"NoteOn",13080,15226,2,1,"g5",67,120,136,56,
"NoteOff",13200,15362,2,1,"g5",67,,,,0
"NoteOn",13200,15362,2,1,"f6",77,120,136,64,
"NoteOff",13200,15362,3,1,"d5",62,,,,0
"NoteOn",13200,15362,3,1,"b4",59,240,271,47,
"NoteOff",13320,15498,2,1,"f6",77,,,,0
"NoteOn",13320,15498,2,1,"g5",67,120,135,56,
"Tempo",13440,15633,1,,,,,,,,,,,,,"106,99994",560748
"NoteOff",13440,15633,2,1,"g5",67,,,,0
"NoteOn",13440,15633,2,1,"e6",76,120,140,63,
"NoteOff",13440,15633,3,1,"b4",59,,,,0
"NoteOn",13440,15633,3,1,"c5",60,240,281,47,
"Controller",13455,15651,4,1,,,,,,,64,0
"Controller",13518,15724,4,1,,,,,,,64,127
"NoteOff",13560,15773,2,1,"e6",76,,,,0
"NoteOn",13560,15773,2,1,"g5",67,120,141,53,
"Tempo",13680,15914,1,,,,,,,,,,,,,"111,49992",538117
"NoteOff",13680,15914,2,1,"g5",67,,,,0
"NoteOn",13680,15914,2,1,"d6",74,120,134,61,
"NoteOff",13680,15914,3,1,"c5",60,,,,0
"NoteOn",13680,15914,3,1,"g4",55,480,551,56,
"NoteOn",13680,15914,3,1,"b4",59,480,551,56,
"Controller",13680,15914,4,1,,,,,,,64,0
"Controller",13786,16033,4,1,,,,,,,64,127
"Tempo",13800,16048,1,,,,,,,,,,,,,"106,50005",563380
"NoteOff",13800,16048,2,1,"d6",74,,,,0
"NoteOn",13800,16048,2,1,"g6",79,120,141,47,
"Tempo",13920,16189,1,,,,,,,,,,,,,"111,49992",538117
"NoteOff",13920,16189,2,1,"g6",79,,,,0
"NoteOn",13920,16189,2,1,"b5",71,120,135,59,
"Tempo",14040,16324,1,,,,,,,,,,,,,"105,99995",566038
"NoteOff",14040,16324,2,1,"b5",71,,,,0
"NoteOn",14040,16324,2,1,"d6",74,120,141,44,
"Tempo",14160,16465,1,,,,,,,,,,,,,"110,50009",542986
"NoteOff",14160,16465,2,1,"d6",74,,,,0
"NoteOn",14160,16465,2,1,"g5",67,238,309,54,
"NoteOff",14160,16465,3,1,"b4",59,,,,0
"NoteOff",14160,16465,3,1,"g4",55,,,,0
"Tempo",14280,16601,1,,,,,,,,,,,,,"85,00004",705882
"NoteOff",14398,16774,2,1,"g5",67,,,,0
"Tempo",14400,16777,1,,,,,,,,,,,,,"112,50007",533333
"NoteOn",14400,16777,2,1,"b5",71,120,134,70,
"NoteOn",14400,16777,3,1,"g5",67,480,546,67,
"NoteOn",14400,16777,3,1,"g4",55,480,546,57,
"Controller",14400,16777,4,1,,,,,,,64,0
"Controller",14492,16880,4,1,,,,,,,64,127
"Tempo",14520,16911,1,,,,,,,,,,,,,"106,50005",563380
"NoteOff",14520,16911,2,1,"b5",71,,,,0
"NoteOn",14520,16911,2,1,"g6",79,120,140,59,
"Tempo",14640,17051,1,,,,,,,,,,,,,"112,50007",533333
"NoteOff",14640,17051,2,1,"g6",79,,,,0
"NoteOn",14640,17051,2,1,"b5",71,120,134,70,
"Tempo",14760,17185,1,,,,,,,,,,,,,"108,50008",552995
"NoteOff",14760,17185,2,1,"b5",71,,,,0
"NoteOn",14760,17185,2,1,"g6",79,120,138,58,
"Tempo",14880,17323,1,,,,,,,,,,,,,"111,49992",538117
"NoteOff",14880,17323,2,1,"g6",79,,,,0
"NoteOn",14880,17323,2,1,"b5",71,120,135,70,
"NoteOff",14880,17323,3,1,"g4",55,,,,0
"NoteOff",14880,17323,3,1,"g5",67,,,,0
"NoteOn",14880,17323,3,1,"f4",53,240,277,51,
"NoteOn",14880,17323,3,1,"f5",65,240,277,62,
"Tempo",15000,17458,1,,,,,,,,,,,,,"104,99992",571429
"NoteOff",15000,17458,2,1,"b5",71,,,,0
"NoteOn",15000,17458,2,1,"g6",79,120,142,56,
"Tempo",15120,17600,1,,,,,,,,,,,,,"110,99991",540541
"NoteOff",15120,17600,2,1,"g6",79,,,,0
"NoteOn",15120,17600,2,1,"c6",72,120,136,71,
"NoteOff",15120,17600,3,1,"f5",65,,,,0
"NoteOff",15120,17600,3,1,"f4",53,,,,0
"NoteOn",15120,17600,3,1,"e4",52,240,271,60,
"NoteOn",15120,17600,3,1,"e5",64,240,271,72,
"Controller",15120,17600,4,1,,,,,,,64,0
"Controller",15198,17688,4,1,,,,,,,64,127
"NoteOff",15240,17736,2,1,"c6",72,,,,0
"NoteOn",15240,17736,2,1,"g6",79,120,135,63,
"NoteOff",15360,17871,2,1,"g6",79,,,,0
"NoteOn",15360,17871,2,1,"d6",74,120,135,73,
"NoteOff",15360,17871,3,1,"e5",64,,,,0
"NoteOff",15360,17871,3,1,"e4",52,,,,0
"NoteOn",15360,17871,3,1,"d4",50,240,270,54,
"NoteOn",15360,17871,3,1,"d5",62,240,270,64,
"Controller",15370,17882,4,1,,,,,,,64,0
"Controller",15452,17974,4,1,,,,,,,64,127
"NoteOff",15480,18006,2,1,"d6",74,,,,0
"NoteOn",15480,18006,2,1,"g6",79,120,135,62,
"Tempo",15600,18141,1,,,,,,,,,,,,,"107,99991",555556
"NoteOff",15600,18141,2,1,"g6",79,,,,0
"NoteOn",15600,18141,2,1,"e6",76,120,139,78,
"NoteOff",15600,18141,3,1,"d5",62,,,,0
"NoteOff",15600,18141,3,1,"d4",50,,,,0
"NoteOn",15600,18141,3,1,"c4",48,240,278,56,
"NoteOn",15600,18141,3,1,"c5",60,240,278,66,
"Controller",15614,18157,4,1,,,,,,,64,0
"Controller",15678,18231,4,1,,,,,,,64,127
"NoteOff",15720,18280,2,1,"e6",76,,,,0
"NoteOn",15720,18280,2,1,"g6",79,120,139,75,
"Tempo",15840,18419,1,,,,,,,,,,,,,"110,50009",542986
"NoteOff",15840,18419,2,1,"g6",79,,,,0
"NoteOn",15840,18419,2,1,"f6",77,120,136,80,
"NoteOff",15840,18419,3,1,"c5",60,,,,0
"NoteOff",15840,18419,3,1,"c4",48,,,,0
"NoteOn",15840,18419,3,1,"b3",47,480,543,62,
"NoteOn",15840,18419,3,1,"b4",59,480,543,73,
"Controller",15840,18419,4,1,,,,,,,64,0
"Controller",15904,18491,4,1,,,,,,,64,127
"NoteOff",15960,18555,2,1,"f6",77,,,,0
"NoteOn",15960,18555,2,1,"g6",79,120,135,71,
"NoteOff",16080,18690,2,1,"g6",79,,,,0
"NoteOn",16080,18690,2,1,"f6",77,120,136,75,
"NoteOff",16200,18826,2,1,"f6",77,,,,0
"NoteOn",16200,18826,2,1,"g6",79,120,136,64,
"Tempo",16320,18962,1,,,,,,,,,,,,,"106,99994",560748
"NoteOff",16320,18962,2,1,"g6",79,,,,0
"NoteOn",16320,18962,2,1,"e6",76,120,140,72,
"NoteOff",16320,18962,3,1,"b4",59,,,,0
"NoteOff",16320,18962,3,1,"b3",47,,,,0
"NoteOn",16320,18962,3,1,"c4",48,240,280,49,
"NoteOn",16320,18962,3,1,"c5",60,240,280,59,
"Controller",16335,18979,4,1,,,,,,,64,0
"Controller",16398,19053,4,1,,,,,,,64,127
"NoteOff",16440,19102,2,1,"e6",76,,,,0
"NoteOn",16440,19102,2,1,"g6",79,120,140,60,
"Tempo",16560,19242,1,,,,,,,,,,,,,"111,49992",538117
"NoteOff",16560,19242,2,1,"g6",79,,,,0
"NoteOn",16560,19242,2,1,"d6",74,120,135,70,
"NoteOff",16560,19242,3,1,"c5",60,,,,0
"NoteOff",16560,19242,3,1,"c4",48,,,,0
"NoteOn",16560,19242,3,1,"g3",43,480,552,54,
"NoteOn",16560,19242,3,1,"g4",55,480,552,64,
"Controller",16560,19242,4,1,,,,,,,64,0
"Controller",16666,19361,4,1,,,,,,,64,127
"Tempo",16680,19377,1,,,,,,,,,,,,,"106,50005",563380
"NoteOff",16680,19377,2,1,"d6",74,,,,0
"NoteOn",16680,19377,2,1,"g6",79,120,141,54,
"Tempo",16800,19518,1,,,,,,,,,,,,,"111,49992",538117
"NoteOff",16800,19518,2,1,"g6",79,,,,0
"NoteOn",16800,19518,2,1,"b5",71,120,134,67,
"Tempo",16920,19652,1,,,,,,,,,,,,,"105,99995",566038
"NoteOff",16920,19652,2,1,"b5",71,,,,0
"NoteOn",16920,19652,2,1,"d6",74,120,142,50,
"Tempo",17040,19794,1,,,,,,,,,,,,,"110,50009",542986
"NoteOff",17040,19794,2,1,"d6",74,,,,0
"NoteOn",17040,19794,2,1,"g5",67,240,314,62,
"NoteOff",17040,19794,3,1,"g4",55,,,,0
"NoteOff",17040,19794,3,1,"g3",43,,,,0
"Tempo",17160,19929,1,,,,,,,,,,,,,"83,99997",714286
"Tempo",17280,20108,1,,,,,,,,,,,,,"109,50004",547945
"NoteOff",17280,20108,2,1,"g5",67,,,,0
"NoteOn",17280,20108,2,1,"g6",79,240,274,50,
"NoteOn",17280,20108,3,1,"c6",72,120,137,32,
"Controller",17280,20108,4,1,,,,,,,64,0
"Controller",17365,20205,4,1,,,,,,,64,127
"NoteOff",17400,20245,3,1,"c6",72,,,,0
"NoteOn",17400,20245,3,1,"e6",76,120,137,28,
"NoteOff",17520,20382,2,1,"g6",79,,,,0
"NoteOn",17520,20382,2,1,"c7",84,240,274,52,
"NoteOff",17520,20382,3,1,"e6",76,,,,0
"NoteOn",17520,20382,3,1,"c6",72,120,137,32,
"NoteOff",17640,20519,3,1,"c6",72,,,,0
"NoteOn",17640,20519,3,1,"e6",76,120,137,30,
"Tempo",17760,20656,1,,,,,,,,,,,,,"107,49991",558140
"NoteOff",17760,20656,2,1,"c7",84,,,,0
"NoteOn",17760,20656,2,1,"e7",88,240,279,54,
"NoteOff",17760,20656,3,1,"e6",76,,,,0
"NoteOn",17760,20656,3,1,"c6",72,120,139,34,
"NoteOff",17880,20795,3,1,"c6",72,,,,0
"NoteOn",17880,20795,3,1,"e6",76,120,140,31,
"Tempo",18000,20935,1,,,,,,,,,,,,,"110,50009",542986
"NoteOff",18000,20935,2,1,"e7",88,,,,0
"NoteOn",18000,20935,2,1,"g7",91,480,543,56,
"NoteOff",18000,20935,3,1,"e6",76,,,,0
"NoteOn",18000,20935,3,1,"c6",72,120,136,36,
"NoteOff",18120,21071,3,1,"c6",72,,,,0
"NoteOn",18120,21071,3,1,"e6",76,120,135,32,
"NoteOff",18240,21206,3,1,"e6",76,,,,0
"NoteOn",18240,21206,3,1,"c6",72,120,136,36,
"NoteOff",18360,21342,3,1,"c6",72,,,,0
"NoteOn",18360,21342,3,1,"e6",76,120,136,32,
"Tempo",18480,21478,1,,,,,,,,,,,,,"106,99994",560748
"NoteOff",18480,21478,2,1,"g7",91,,,,0
"NoteOn",18480,21478,2,1,"g6",79,240,280,50,
"NoteOff",18480,21478,3,1,"e6",76,,,,0
"NoteOn",18480,21478,3,1,"c6",72,120,140,35,
"NoteOff",18600,21618,3,1,"c6",72,,,,0
"NoteOn",18600,21618,3,1,"e6",76,120,140,30,
"Tempo",18720,21758,1,,,,,,,,,,,,,"110,99991",540541
"NoteOff",18720,21758,2,1,"g6",79,,,,0
"NoteOn",18720,21758,2,1,"a6",81,240,271,54,
"NoteOff",18720,21758,3,1,"e6",76,,,,0
"NoteOn",18720,21758,3,1,"c6",72,120,135,36,
"Controller",18728,21767,4,1,,,,,,,64,0
"NoteOff",18840,21893,3,1,"c6",72,,,,0
"NoteOn",18840,21893,3,1,"f6",77,120,136,32,
"Controller",18840,21893,4,1,,,,,,,64,127
"Tempo",18960,22029,1,,,,,,,,,,,,,"109,99991",545455
"NoteOff",18960,22029,2,1,"a6",81,,,,0
"NoteOn",18960,22029,2,1,"f7",89,240,272,50,
"NoteOff",18960,22029,3,1,"f6",77,,,,0
"NoteOn",18960,22029,3,1,"c6",72,120,136,36,
"NoteOff",19080,22165,3,1,"c6",72,,,,0
"NoteOn",19080,22165,3,1,"f6",77,120,136,32,
"Tempo",19200,22301,1,,,,,,,,,,,,,"104,99992",571429
"NoteOff",19200,22301,2,1,"f7",89,,,,0
"NoteOn",19200,22301,2,1,"a6",81,240,286,46,
"NoteOff",19200,22301,3,1,"f6",77,,,,0
"NoteOn",19200,22301,3,1,"c6",72,120,143,39,
"NoteOff",19320,22444,3,1,"c6",72,,,,0
"NoteOn",19320,22444,3,1,"f6",77,120,143,34,
"NoteOff",19440,22587,2,1,"a6",81,,,,0
"NoteOn",19440,22587,2,1,"g6",79,240,282,46,
"NoteOff",19440,22587,3,1,"f6",77,,,,0
"NoteOn",19440,22587,3,1,"c6",72,120,143,38,
"Controller",19447,22595,4,1,,,,,,,64,0
"Controller",19525,22688,4,1,,,,,,,64,127
"Tempo",19560,22730,1,,,,,,,,,,,,,"107,49991",558140
"NoteOff",19560,22730,3,1,"c6",72,,,,0
"NoteOn",19560,22730,3,1,"e6",76,120,139,27,
"NoteOff",19680,22869,2,1,"g6",79,,,,0
"NoteOff",19680,22869,3,1,"e6",76,,,,0
"NoteOn",19680,22869,3,1,"c6",72,120,140,32,
"NoteOff",19800,23009,3,1,"c6",72,,,,0
"NoteOn",19800,23009,3,1,"e6",76,120,139,25,
"NoteOff",19920,23148,3,1,"e6",76,,,,0
"NoteOn",19920,23148,3,1,"c6",72,120,140,30,
"NoteOff",20040,23288,3,1,"c6",72,,,,0
"NoteOn",20040,23288,3,1,"e6",76,120,139,25,
"Tempo",20160,23427,1,,,,,,,,,,,,,"109,99991",545455
"NoteOn",20160,23427,2,1,"f6",77,240,273,68,
"NoteOff",20160,23427,3,1,"e6",76,,,,0
"NoteOn",20160,23427,3,1,"g5",67,120,137,47,
"Controller",20160,23427,4,1,,,,,,,64,0
"Controller",20245,23524,4,1,,,,,,,64,127
"NoteOff",20280,23564,3,1,"g5",67,,,,0
"NoteOn",20280,23564,3,1,"d6",74,120,136,41,
"NoteOff",20400,23700,2,1,"f6",77,,,,0
"NoteOn",20400,23700,2,1,"d7",86,240,273,60,
"NoteOff",20400,23700,3,1,"d6",74,,,,0
"NoteOn",20400,23700,3,1,"g5",67,120,137,47,
"NoteOff",20520,23837,3,1,"g5",67,,,,0
"NoteOn",20520,23837,3,1,"d6",74,120,136,41,
"NoteOff",20640,23973,2,1,"d7",86,,,,0
"NoteOn",20640,23973,2,1,"f6",77,240,279,60,
"NoteOff",20640,23973,3,1,"d6",74,,,,0
"NoteOn",20640,23973,3,1,"g5",67,120,136,47,
"Tempo",20760,24109,1,,,,,,,,,,,,,"104,99992",571429
"NoteOff",20760,24109,3,1,"g5",67,,,,0
"NoteOn",20760,24109,3,1,"d6",74,120,143,41,
"Tempo",20880,24252,1,,,,,,,,,,,,,"110,99991",540541
"NoteOff",20880,24252,2,1,"f6",77,,,,0
"NoteOn",20880,24252,2,1,"e6",76,120,135,70,
"NoteOff",20880,24252,3,1,"d6",74,,,,0
"NoteOn",20880,24252,3,1,"c6",72,120,135,54,
"Controller",20880,24252,4,1,,,,,,,64,0
"Tempo",21000,24387,1,,,,,,,,,,,,,"106,50005",563380
"NoteOff",21000,24387,2,1,"e6",76,,,,0
"NoteOn",21000,24387,2,1,"c7",84,120,141,59,
"NoteOff",21000,24387,3,1,"c6",72,,,,0
"Tempo",21120,24528,1,,,,,,,,,,,,,"110,50009",542986
"NoteOff",21120,24528,2,1,"c7",84,,,,0
"NoteOn",21120,24528,2,1,"f6",77,120,136,72,
"NoteOn",21120,24528,3,1,"d6",74,120,136,49,
"Tempo",21240,24664,1,,,,,,,,,,,,,"106,99994",560748
"NoteOff",21240,24664,2,1,"f6",77,,,,0
"NoteOn",21240,24664,2,1,"c7",84,120,140,59,
"NoteOff",21240,24664,3,1,"d6",74,,,,0
"Tempo",21360,24804,1,,,,,,,,,,,,,"109,99991",545455
"NoteOff",21360,24804,2,1,"c7",84,,,,0
"NoteOn",21360,24804,2,1,"g6",79,120,136,71,
"NoteOn",21360,24804,3,1,"e6",76,120,136,55,
"Tempo",21480,24940,1,,,,,,,,,,,,,"105,50007",568720
"NoteOff",21480,24940,2,1,"g6",79,,,,0
"NoteOn",21480,24940,2,1,"c7",84,120,143,60,
"NoteOff",21480,24940,3,1,"e6",76,,,,0
"Tempo",21600,25083,1,,,,,,,,,,,,,"108,50008",552995
"NoteOff",21600,25083,2,1,"c7",84,,,,0
"NoteOn",21600,25083,2,1,"f6",77,120,138,75,
"NoteOn",21600,25083,3,1,"f5",65,480,553,60,
"Controller",21600,25083,4,1,,,,,,,64,127
"NoteOff",21720,25221,2,1,"f6",77,,,,0
"NoteOn",21720,25221,2,1,"a6",81,120,138,64,
"NoteOff",21840,25359,2,1,"a6",81,,,,0
"NoteOn",21840,25359,2,1,"g6",79,120,138,70,
"NoteOff",21960,25497,2,1,"g6",79,,,,0
"NoteOn",21960,25497,2,1,"f6",77,120,139,62,
"Tempo",22080,25636,1,,,,,,,,,,,,,"105,99995",566038
"NoteOff",22080,25636,2,1,"f6",77,,,,0
"NoteOn",22080,25636,2,1,"e6",76,120,141,66,
"NoteOff",22080,25636,3,1,"f5",65,,,,0
"NoteOn",22080,25636,3,1,"g5",67,240,283,51,
"Controller",22092,25650,4,1,,,,,,,64,0
"Controller",22179,25752,4,1,,,,,,,64,127
"NoteOff",22200,25777,2,1,"e6",76,,,,0
"NoteOn",22200,25777,2,1,"d6",74,120,142,59,
"Tempo",22320,25919,1,,,,,,,,,,,,,"101,00007",594059
"NoteOff",22320,25919,2,1,"d6",74,,,,0
"NoteOn",22320,25919,2,1,"c6",72,240,297,74,
"NoteOff",22320,25919,3,1,"g5",67,,,,0
"NoteOn",22320,25919,3,1,"c5",60,240,297,57,
"Controller",22320,25919,4,1,,,,,,,64,0
"Tempo",22560,26216,1,,,,,,,,,,,,,"98,50001",609137
"NoteOff",22560,26216,2,1,"c6",72,,,,0
"NoteOff",22560,26216,3,1,"c5",60,,,,0
"NoteOn",22560,26216,3,1,"g4",55,120,152,54,
"NoteOff",22680,26368,3,1,"g4",55,,,,0
"Tempo",22800,26520,1,,,,,,,,,,,,,"94,49995",634921
"NoteOn",22800,26520,3,1,"c4",48,120,159,55,
"NoteOff",22920,26679,3,1,"c4",48,,,,0
"Tempo",23040,26838,1,,,,,,,,,,,,,"112,50007",533333
"NoteOn",23040,26838,2,1,"b5",71,120,133,56,
"NoteOn",23040,26838,3,1,"g4",55,720,823,40,
"Controller",23082,26884,4,1,,,,,,,64,127
"Tempo",23160,26971,1,,,,,,,,,,,,,"106,50005",563380
"NoteOff",23160,26971,2,1,"b5",71,,,,0
"NoteOn",23160,26971,2,1,"g5",67,120,141,48,
"Tempo",23280,27112,1,,,,,,,,,,,,,"112,50007",533333
"NoteOff",23280,27112,2,1,"g5",67,,,,0
"NoteOn",23280,27112,2,1,"b5",71,120,133,56,
"Tempo",23400,27245,1,,,,,,,,,,,,,"108,50008",552995
"NoteOff",23400,27245,2,1,"b5",71,,,,0
"NoteOn",23400,27245,2,1,"g5",67,120,138,47,
"Tempo",23520,27383,1,,,,,,,,,,,,,"111,49992",538117
"NoteOff",23520,27383,2,1,"g5",67,,,,0
"NoteOn",23520,27383,2,1,"b5",71,120,135,56,
"NoteOn",23520,27383,3,1,"f5",65,240,278,39,
"Tempo",23640,27518,1,,,,,,,,,,,,,"104,99992",571429
"NoteOff",23640,27518,2,1,"b5",71,,,,0
"NoteOn",23640,27518,2,1,"g5",67,120,143,49,
"Tempo",23760,27661,1,,,,,,,,,,,,,"110,99991",540541
"NoteOff",23760,27661,2,1,"g5",67,,,,0
"NoteOn",23760,27661,2,1,"c6",72,120,135,56,
"NoteOff",23760,27661,3,1,"f5",65,,,,0
"NoteOff",23760,27661,3,1,"g4",55,,,,0
"NoteOn",23760,27661,3,1,"e5",64,240,270,45,
"Controller",23760,27661,4,1,,,,,,,64,0
"Controller",23838,27749,4,1,,,,,,,64,127
"NoteOff",23880,27796,2,1,"c6",72,,,,0
"NoteOn",23880,27796,2,1,"g5",67,120,135,50,
"NoteOff",24000,27931,2,1,"g5",67,,,,0
"NoteOn",24000,27931,2,1,"d6",74,120,135,59,
"NoteOff",24000,27931,3,1,"e5",64,,,,0
"NoteOn",24000,27931,3,1,"b4",59,240,270,40,
"Controller",24010,27942,4,1,,,,,,,64,0
"Controller",24092,28035,4,1,,,,,,,64,127
"NoteOff",24120,28066,2,1,"d6",74,,,,0
"NoteOn",24120,28066,2,1,"g5",67,120,135,54,
"Tempo",24240,28201,1,,,,,,,,,,,,,"107,99991",555556
"NoteOff",24240,28201,2,1,"g5",67,,,,0
"NoteOn",24240,28201,2,1,"e6",76,120,139,62,
"NoteOff",24240,28201,3,1,"b4",59,,,,0
"NoteOn",24240,28201,3,1,"c5",60,240,278,42,
"Controller",24254,28218,4,1,,,,,,,64,0
"Controller",24318,28292,4,1,,,,,,,64,127
"NoteOff",24360,28340,2,1,"e6",76,,,,0
"NoteOn",24360,28340,2,1,"g5",67,120,139,55,
"Tempo",24480,28479,1,,,,,,,,,,,,,"110,50009",542986
"NoteOff",24480,28479,2,1,"g5",67,,,,0
"NoteOn",24480,28479,2,1,"f6",77,120,136,65,
"NoteOff",24480,28479,3,1,"c5",60,,,,0
"NoteOn",24480,28479,3,1,"d5",62,240,272,52,
"Controller",24480,28479,4,1,,,,,,,64,0
"Controller",24544,28552,4,1,,,,,,,64,127
"NoteOff",24600,28615,2,1,"f6",77,,,,0
"NoteOn",24600,28615,2,1,"g5",67,120,136,56,
"NoteOff",24720,28751,2,1,"g5",67,,,,0
"NoteOn",24720,28751,2,1,"f6",77,120,135,64,
"NoteOff",24720,28751,3,1,"d5",62,,,,0
"NoteOn",24720,28751,3,1,"b4",59,240,271,47,
"NoteOff",24840,28886,2,1,"f6",77,,,,0
"NoteOn",24840,28886,2,1,"g5",67,120,136,56,
"Tempo",24960,29022,1,,,,,,,,,,,,,"106,99994",560748
"NoteOff",24960,29022,2,1,"g5",67,,,,0
"NoteOn",24960,29022,2,1,"e6",76,120,140,63,
"NoteOff",24960,29022,3,1,"b4",59,,,,0
"NoteOn",24960,29022,3,1,"c5",60,240,281,47,
"Controller",24975,29040,4,1,,,,,,,64,0
"Controller",25038,29113,4,1,,,,,,,64,127
"NoteOff",25080,29162,2,1,"e6",76,,,,0
"NoteOn",25080,29162,2,1,"g5",67,120,141,53,
"Tempo",25200,29303,1,,,,,,,,,,,,,"112,50007",533333
"NoteOff",25200,29303,2,1,"g5",67,,,,0
"NoteOn",25200,29303,2,1,"d6",74,120,133,61,
"NoteOff",25200,29303,3,1,"c5",60,,,,0
"NoteOn",25200,29303,3,1,"g4",55,480,549,56,
"NoteOn",25200,29303,3,1,"b4",59,480,549,56,
"Controller",25200,29303,4,1,,,,,,,64,0
"Controller",25306,29420,4,1,,,,,,,64,127
"Tempo",25320,29436,1,,,,,,,,,,,,,"106,50005",563380
"NoteOff",25320,29436,2,1,"d6",74,,,,0
"NoteOn",25320,29436,2,1,"g6",79,120,141,47,
"Tempo",25440,29577,1,,,,,,,,,,,,,"112,50007",533333
"NoteOff",25440,29577,2,1,"g6",79,,,,0
"NoteOn",25440,29577,2,1,"b5",71,120,133,59,
"Tempo",25560,29710,1,,,,,,,,,,,,,"105,99995",566038
"NoteOff",25560,29710,2,1,"b5",71,,,,0
"NoteOn",25560,29710,2,1,"d6",74,120,142,44,
"Tempo",25680,29852,1,,,,,,,,,,,,,"110,50009",542986
"NoteOff",25680,29852,2,1,"d6",74,,,,0
"NoteOn",25680,29852,2,1,"g5",67,238,309,54,
"NoteOff",25680,29852,3,1,"b4",59,,,,0
"NoteOff",25680,29852,3,1,"g4",55,,,,0
"Tempo",25800,29987,1,,,,,,,,,,,,,"85,00004",705882
"NoteOff",25918,30161,2,1,"g5",67,,,,0
"Tempo",25920,30164,1,,,,,,,,,,,,,"113,50008",528634
"NoteOn",25920,30164,2,1,"b5",71,120,132,70,
"NoteOn",25920,30164,3,1,"g5",67,480,543,67,
"NoteOn",25920,30164,3,1,"g4",55,480,543,57,
"Controller",25920,30164,4,1,,,,,,,64,0
"Controller",26012,30265,4,1,,,,,,,64,127
"Tempo",26040,30296,1,,,,,,,,,,,,,"106,50005",563380
"NoteOff",26040,30296,2,1,"b5",71,,,,0
"NoteOn",26040,30296,2,1,"g6",79,120,141,59,
"Tempo",26160,30437,1,,,,,,,,,,,,,"113,99995",526316
"NoteOff",26160,30437,2,1,"g6",79,,,,0
"NoteOn",26160,30437,2,1,"b5",71,120,131,70,
"Tempo",26280,30568,1,,,,,,,,,,,,,"108,50008",552995
"NoteOff",26280,30568,2,1,"b5",71,,,,0
"NoteOn",26280,30568,2,1,"g6",79,120,139,58,
"Tempo",26400,30707,1,,,,,,,,,,,,,"111,49992",538117
"NoteOff",26400,30707,2,1,"g6",79,,,,0
"NoteOn",26400,30707,2,1,"b5",71,120,134,70,
"NoteOff",26400,30707,3,1,"g4",55,,,,0
"NoteOff",26400,30707,3,1,"g5",67,,,,0
"NoteOn",26400,30707,3,1,"f4",53,240,277,51,
"NoteOn",26400,30707,3,1,"f5",65,240,277,62,
"Tempo",26520,30841,1,,,,,,,,,,,,,"104,99992",571429
"NoteOff",26520,30841,2,1,"b5",71,,,,0
"NoteOn",26520,30841,2,1,"g6",79,120,143,56,
"Tempo",26640,30984,1,,,,,,,,,,,,,"110,99991",540541
"NoteOff",26640,30984,2,1,"g6",79,,,,0
"NoteOn",26640,30984,2,1,"c6",72,120,135,71,
"NoteOff",26640,30984,3,1,"f5",65,,,,0
"NoteOff",26640,30984,3,1,"f4",53,,,,0
"NoteOn",26640,30984,3,1,"e4",52,240,270,60,
"NoteOn",26640,30984,3,1,"e5",64,240,270,72,
"Controller",26640,30984,4,1,,,,,,,64,0
"Controller",26718,31072,4,1,,,,,,,64,127
"NoteOff",26760,31119,2,1,"c6",72,,,,0
"NoteOn",26760,31119,2,1,"g6",79,120,135,63,
"NoteOff",26880,31254,2,1,"g6",79,,,,0
"NoteOn",26880,31254,2,1,"d6",74,120,135,73,
"NoteOff",26880,31254,3,1,"e5",64,,,,0
"NoteOff",26880,31254,3,1,"e4",52,,,,0
"NoteOn",26880,31254,3,1,"d4",50,240,271,54,
"NoteOn",26880,31254,3,1,"d5",62,240,271,64,
"Controller",26890,31266,4,1,,,,,,,64,0
"Controller",26972,31358,4,1,,,,,,,64,127
"NoteOff",27000,31389,2,1,"d6",74,,,,0
"NoteOn",27000,31389,2,1,"g6",79,120,136,62,
"Tempo",27120,31525,1,,,,,,,,,,,,,"107,99991",555556
"NoteOff",27120,31525,2,1,"g6",79,,,,0
"NoteOn",27120,31525,2,1,"e6",76,120,138,78,
"NoteOff",27120,31525,3,1,"d5",62,,,,0
"NoteOff",27120,31525,3,1,"d4",50,,,,0
"NoteOn",27120,31525,3,1,"c4",48,240,277,56,
"NoteOn",27120,31525,3,1,"c5",60,240,277,66,
"Controller",27134,31541,4,1,,,,,,,64,0
"Controller",27198,31615,4,1,,,,,,,64,127
"NoteOff",27240,31663,2,1,"e6",76,,,,0
"NoteOn",27240,31663,2,1,"g6",79,120,139,75,
"Tempo",27360,31802,1,,,,,,,,,,,,,"110,50009",542986
"NoteOff",27360,31802,2,1,"g6",79,,,,0
"NoteOn",27360,31802,2,1,"f6",77,120,136,80,
"NoteOff",27360,31802,3,1,"c5",60,,,,0
"NoteOff",27360,31802,3,1,"c4",48,,,,0
"NoteOn",27360,31802,3,1,"b3",47,480,543,62,
"NoteOn",27360,31802,3,1,"b4",59,480,543,73,
"Controller",27360,31802,4,1,,,,,,,64,0
"Controller",27424,31875,4,1,,,,,,,64,127
"NoteOff",27480,31938,2,1,"f6",77,,,,0
"NoteOn",27480,31938,2,1,"g6",79,120,136,71,
"NoteOff",27600,32074,2,1,"g6",79,,,,0
"NoteOn",27600,32074,2,1,"f6",77,120,136,75,
"NoteOff",27720,32210,2,1,"f6",77,,,,0
"NoteOn",27720,32210,2,1,"g6",79,120,135,64,
"Tempo",27840,32345,1,,,,,,,,,,,,,"106,99994",560748
"NoteOff",27840,32345,2,1,"g6",79,,,,0
"NoteOn",27840,32345,2,1,"e6",76,120,140,72,
"NoteOff",27840,32345,3,1,"b4",59,,,,0
"NoteOff",27840,32345,3,1,"b3",47,,,,0
"NoteOn",27840,32345,3,1,"c4",48,240,281,49,
"NoteOn",27840,32345,3,1,"c5",60,240,281,59,
"Controller",27855,32363,4,1,,,,,,,64,0
"Controller",27918,32436,4,1,,,,,,,64,127
"NoteOff",27960,32485,2,1,"e6",76,,,,0
"NoteOn",27960,32485,2,1,"g6",79,120,141,60,
"Tempo",28080,32626,1,,,,,,,,,,,,,"112,50007",533333
"NoteOff",28080,32626,2,1,"g6",79,,,,0
"NoteOn",28080,32626,2,1,"d6",74,120,133,70,
"NoteOff",28080,32626,3,1,"c5",60,,,,0
"NoteOff",28080,32626,3,1,"c4",48,,,,0
"NoteOn",28080,32626,3,1,"g3",43,480,549,54,
"NoteOn",28080,32626,3,1,"g4",55,480,549,64,
"Controller",28080,32626,4,1,,,,,,,64,0
"Controller",28186,32743,4,1,,,,,,,64,127
"Tempo",28200,32759,1,,,,,,,,,,,,,"106,50005",563380
"NoteOff",28200,32759,2,1,"d6",74,,,,0
"NoteOn",28200,32759,2,1,"g6",79,120,141,54,
"Tempo",28320,32900,1,,,,,,,,,,,,,"112,50007",533333
"NoteOff",28320,32900,2,1,"g6",79,,,,0
"NoteOn",28320,32900,2,1,"b5",71,120,133,67,
"Tempo",28440,33033,1,,,,,,,,,,,,,"105,99995",566038
"NoteOff",28440,33033,2,1,"b5",71,,,,0
"NoteOn",28440,33033,2,1,"d6",74,120,142,50,
"Tempo",28560,33175,1,,,,,,,,,,,,,"110,50009",542986
"NoteOff",28560,33175,2,1,"d6",74,,,,0
"NoteOn",28560,33175,2,1,"g5",67,240,314,62,
"NoteOff",28560,33175,3,1,"g4",55,,,,0
"NoteOff",28560,33175,3,1,"g3",43,,,,0
"Tempo",28680,33310,1,,,,,,,,,,,,,"83,99997",714286
"Tempo",28800,33489,1,,,,,,,,,,,,,"109,50004",547945
"NoteOff",28800,33489,2,1,"g5",67,,,,0
"NoteOn",28800,33489,2,1,"g6",79,240,274,50,
"NoteOn",28800,33489,3,1,"c6",72,120,137,32,
"Controller",28800,33489,4,1,,,,,,,64,0
"Controller",28899,33602,4,1,,,,,,,64,127
"NoteOff",28920,33626,3,1,"c6",72,,,,0
"NoteOn",28920,33626,3,1,"e6",76,120,137,28,
"NoteOff",29040,33763,2,1,"g6",79,,,,0
"NoteOn",29040,33763,2,1,"c7",84,240,274,52,
"NoteOff",29040,33763,3,1,"e6",76,,,,0
"NoteOn",29040,33763,3,1,"c6",72,120,137,32,
"NoteOff",29160,33900,3,1,"c6",72,,,,0
"NoteOn",29160,33900,3,1,"e6",76,120,137,30,
"Tempo",29280,34037,1,,,,,,,,,,,,,"107,49991",558140
"NoteOff",29280,34037,2,1,"c7",84,,,,0
"NoteOn",29280,34037,2,1,"e7",88,240,279,54,
"NoteOff",29280,34037,3,1,"e6",76,,,,0
"NoteOn",29280,34037,3,1,"c6",72,120,139,34,
"NoteOff",29400,34176,3,1,"c6",72,,,,0
"NoteOn",29400,34176,3,1,"e6",76,120,140,31,
"Tempo",29520,34316,1,,,,,,,,,,,,,"110,50009",542986
"NoteOff",29520,34316,2,1,"e7",88,,,,0
"NoteOn",29520,34316,2,1,"g7",91,480,543,56,
"NoteOff",29520,34316,3,1,"e6",76,,,,0
"NoteOn",29520,34316,3,1,"c6",72,120,136,36,
"NoteOff",29640,34452,3,1,"c6",72,,,,0
"NoteOn",29640,34452,3,1,"e6",76,120,135,32,
"NoteOff",29760,34587,3,1,"e6",76,,,,0
"NoteOn",29760,34587,3,1,"c6",72,120,136,36,
"NoteOff",29880,34723,3,1,"c6",72,,,,0
"NoteOn",29880,34723,3,1,"e6",76,120,136,32,
"Tempo",30000,34859,1,,,,,,,,,,,,,"106,99994",560748
"NoteOff",30000,34859,2,1,"g7",91,,,,0
"NoteOn",30000,34859,2,1,"g6",79,240,280,50,
"NoteOff",30000,34859,3,1,"e6",76,,,,0
"NoteOn",30000,34859,3,1,"c6",72,120,140,35,
"NoteOff",30120,34999,3,1,"c6",72,,,,0
"NoteOn",30120,34999,3,1,"e6",76,120,140,30,
"Tempo",30240,35139,1,,,,,,,,,,,,,"112,00006",535714
"NoteOff",30240,35139,2,1,"g6",79,,,,0
"NoteOn",30240,35139,2,1,"a6",81,240,268,54,
"NoteOff",30240,35139,3,1,"e6",76,,,,0
"NoteOn",30240,35139,3,1,"c6",72,120,134,36,
"Controller",30248,35148,4,1,,,,,,,64,0
"NoteOff",30360,35273,3,1,"c6",72,,,,0
"NoteOn",30360,35273,3,1,"f6",77,120,134,32,
"Controller",30360,35273,4,1,,,,,,,64,127
"Tempo",30480,35407,1,,,,,,,,,,,,,"109,99991",545455
"NoteOff",30480,35407,2,1,"a6",81,,,,0
"NoteOn",30480,35407,2,1,"f7",89,240,273,50,
"NoteOff",30480,35407,3,1,"f6",77,,,,0
"NoteOn",30480,35407,3,1,"c6",72,120,137,36,
"NoteOff",30600,35544,3,1,"c6",72,,,,0
"NoteOn",30600,35544,3,1,"f6",77,120,136,32,
"Tempo",30720,35680,1,,,,,,,,,,,,,"104,99992",571429
"NoteOff",30720,35680,2,1,"f7",89,,,,0
"NoteOn",30720,35680,2,1,"a6",81,240,286,46,
"NoteOff",30720,35680,3,1,"f6",77,,,,0
"NoteOn",30720,35680,3,1,"c6",72,120,143,39,
"NoteOff",30840,35823,3,1,"c6",72,,,,0
"NoteOn",30840,35823,3,1,"f6",77,120,143,34,
"NoteOff",30960,35966,2,1,"a6",81,,,,0
"NoteOn",30960,35966,2,1,"g6",79,240,282,46,
"NoteOff",30960,35966,3,1,"f6",77,,,,0
"NoteOn",30960,35966,3,1,"c6",72,120,143,38,
"Controller",30967,35974,4,1,,,,,,,64,0
"Controller",31045,36067,4,1,,,,,,,64,127
"Tempo",31080,36109,1,,,,,,,,,,,,,"107,49991",558140
"NoteOff",31080,36109,3,1,"c6",72,,,,0
"NoteOn",31080,36109,3,1,"e6",76,120,139,27,
"NoteOff",31200,36248,2,1,"g6",79,,,,0
"NoteOff",31200,36248,3,1,"e6",76,,,,0
"NoteOn",31200,36248,3,1,"c6",72,120,140,32,
"NoteOff",31320,36388,3,1,"c6",72,,,,0
"NoteOn",31320,36388,3,1,"e6",76,120,139,25,
"NoteOff",31440,36527,3,1,"e6",76,,,,0
"NoteOn",31440,36527,3,1,"c6",72,120,140,30,
"NoteOff",31560,36667,3,1,"c6",72,,,,0
"NoteOn",31560,36667,3,1,"e6",76,120,139,25,
"Tempo",31680,36806,1,,,,,,,,,,,,,"109,99991",545455
"NoteOn",31680,36806,2,1,"f6",77,240,273,68,
"NoteOff",31680,36806,3,1,"e6",76,,,,0
"NoteOn",31680,36806,3,1,"g5",67,120,137,47,
"Controller",31680,36806,4,1,,,,,,,64,0
"Controller",31765,36903,4,1,,,,,,,64,127
"NoteOff",31800,36943,3,1,"g5",67,,,,0
"NoteOn",31800,36943,3,1,"d6",74,120,136,41,
"NoteOff",31920,37079,2,1,"f6",77,,,,0
"NoteOn",31920,37079,2,1,"d7",86,240,273,60,
"NoteOff",31920,37079,3,1,"d6",74,,,,0
"NoteOn",31920,37079,3,1,"g5",67,120,136,47,
"NoteOff",32040,37215,3,1,"g5",67,,,,0
"NoteOn",32040,37215,3,1,"d6",74,120,137,41,
"NoteOff",32160,37352,2,1,"d7",86,,,,0
"NoteOn",32160,37352,2,1,"f6",77,240,279,60,
"NoteOff",32160,37352,3,1,"d6",74,,,,0
"NoteOn",32160,37352,3,1,"g5",67,120,136,47,
"Tempo",32280,37488,1,,,,,,,,,,,,,"104,99992",571429
"NoteOff",32280,37488,3,1,"g5",67,,,,0
"NoteOn",32280,37488,3,1,"d6",74,120,143,41,
"Tempo",32400,37631,1,,,,,,,,,,,,,"110,99991",540541
"NoteOff",32400,37631,2,1,"f6",77,,,,0
"NoteOn",32400,37631,2,1,"e6",76,120,135,70,
"NoteOff",32400,37631,3,1,"d6",74,,,,0
"NoteOn",32400,37631,3,1,"c6",72,120,135,54,
"Controller",32400,37631,4,1,,,,,,,64,0
"Tempo",32520,37766,1,,,,,,,,,,,,,"103,50003",579710
"NoteOff",32520,37766,2,1,"e6",76,,,,0
"NoteOn",32520,37766,2,1,"c7",84,120,145,59,
"NoteOff",32520,37766,3,1,"c6",72,,,,0
"Tempo",32640,37911,1,,,,,,,,,,,,,"110,50009",542986
"NoteOff",32640,37911,2,1,"c7",84,,,,0
"NoteOn",32640,37911,2,1,"f6",77,120,136,72,
"NoteOn",32640,37911,3,1,"d6",74,120,136,49,
"Tempo",32760,38047,1,,,,,,,,,,,,,"104,49994",574163
"NoteOff",32760,38047,2,1,"f6",77,,,,0
"NoteOn",32760,38047,2,1,"c7",84,120,143,59,
"NoteOff",32760,38047,3,1,"d6",74,,,,0
"Tempo",32880,38190,1,,,,,,,,,,,,,"109,99991",545455
"NoteOff",32880,38190,2,1,"c7",84,,,,0
"NoteOn",32880,38190,2,1,"g6",79,120,137,71,
"NoteOn",32880,38190,3,1,"e6",76,120,137,55,
"Tempo",33000,38327,1,,,,,,,,,,,,,"103,00005",582524
"NoteOff",33000,38327,2,1,"g6",79,,,,0
"NoteOn",33000,38327,2,1,"c7",84,120,145,60,
"NoteOff",33000,38327,3,1,"e6",76,,,,0
"Tempo",33120,38472,1,,,,,,,,,,,,,"106,99994",560748
"NoteOff",33120,38472,2,1,"c7",84,,,,0
"NoteOn",33120,38472,2,1,"f6",77,120,140,75,
"NoteOn",33120,38472,3,1,"f5",65,480,561,60,
"Controller",33120,38472,4,1,,,,,,,64,127
"NoteOff",33240,38612,2,1,"f6",77,,,,0
"NoteOn",33240,38612,2,1,"a6",81,120,141,64,
"NoteOff",33360,38753,2,1,"a6",81,,,,0
"NoteOn",33360,38753,2,1,"g6",79,120,140,70,
"NoteOff",33480,38893,2,1,"g6",79,,,,0
"NoteOn",33480,38893,2,1,"f6",77,120,140,62,
"Tempo",33600,39033,1,,,,,,,,,,,,,"101,50000",591133
"NoteOff",33600,39033,2,1,"f6",77,,,,0
"NoteOn",33600,39033,2,1,"e6",76,120,148,66,
"NoteOff",33600,39033,3,1,"f5",65,,,,0
"NoteOn",33600,39033,3,1,"g5",67,240,296,51,
"Controller",33612,39048,4,1,,,,,,,64,0
"Controller",33699,39155,4,1,,,,,,,64,127
"NoteOff",33720,39181,2,1,"e6",76,,,,0
"NoteOn",33720,39181,2,1,"d6",74,120,148,59,
"Tempo",33840,39329,1,,,,,,,,,,,,,"93,00004",645161
"NoteOff",33840,39329,2,1,"d6",74,,,,0
"NoteOn",33840,39329,2,1,"c6",72,240,322,74,
"NoteOff",33840,39329,3,1,"g5",67,,,,0
"NoteOn",33840,39329,3,1,"c5",60,240,322,57,
"Controller",33840,39329,4,1,,,,,,,64,0
"Endtrack",33840,39329,4,,
"Tempo",34080,39651,1,,,,,,,,,,,,,"80,99997",740741
"NoteOff",34080,39651,2,1,"c6",72,,,,0
"Endtrack",34080,39651,2,,
"NoteOff",34080,39651,3,1,"c5",60,,,,0
"NoteOn",34080,39651,3,1,"g4",55,120,185,54,
"NoteOff",34200,39836,3,1,"g4",55,,,,0
"Tempo",34320,40021,1,,,,,,,,,,,,,"77,49995",774194
"Endtrack",34320,40021,1,,
"NoteOn",34320,40021,3,1,"c4",48,240,388,55,
"NoteOff",34560,40409,3,1,"c4",48,,,,0
"Endtrack",34560,40409,3,,
